{
  "description": "<a> Đường sắt Hà Nội - Hồ Chí Minh </a>",
  "color": [0, 255, 0],
  "paths":[
    [ 108.00359070635491, 10.973292814431806 ], [ 108.00500245570542, 10.975106472948672 ], [ 108.0096296575985, 10.980992929642788 ], [ 108.01579953552405, 10.986879224904072 ], [ 108.02042716198609, 10.991246378600101 ], [ 108.02466937844011, 10.995613512154426 ], [ 108.02871890903235, 10.999600818638326 ], [ 108.03257580354951, 11.003778003051103 ], [ 108.03739703194486, 11.008334763817942 ], [ 108.04221851426922, 11.013081340584565 ], [ 108.04434016031865, 11.015739520361217 ], [ 108.04954726522014, 11.018966681271397 ], [ 108.05436877525585, 11.021814029040277 ], [ 108.05668318973615, 11.02333264088915 ], [ 108.06401218932746, 11.027508426577988 ], [ 108.0709556141242, 11.031114388125721 ], [ 108.08059985126769, 11.036618188663599 ], [ 108.08985931704787, 11.043071298058756 ], [ 108.09719024621376, 11.048385499746376 ], [ 108.10567901619136, 11.054268641858647 ], [ 108.11301138293126, 11.060721843545075 ], [ 108.11764252853757, 11.064707504241932 ], [ 108.12188765742006, 11.067933634797804 ], [ 108.12806217805985, 11.071918197061644 ], [ 108.12913017578379, 11.072716372453083 ], [ 108.13288651581286, 11.075523621829809 ], [ 108.13964052825214, 11.080077274305697 ], [ 108.14485050729813, 11.082922536216369 ], [ 108.15006132598876, 11.086717282126097 ], [ 108.15450073766284, 11.090512478752373 ], [ 108.15546581039936, 11.091271458105981 ], [ 108.16009876686441, 11.095636193802564 ], [ 108.164924379547, 11.099430923570598 ], [ 108.17032968688689, 11.104174728550349 ], [ 108.17573539715568, 11.109108349529935 ], [ 108.18210648123238, 11.114610813863406 ], [ 108.18982855226768, 11.120301838692765 ], [ 108.19948202170552, 11.127700187229163 ], [ 108.20534040539526, 11.131536870376053 ], [ 108.20643217815113, 11.13225184377616 ], [ 108.21357636631674, 11.137562843393312 ], [ 108.22129956856645, 11.142683099223289 ], [ 108.26465151036618, 11.17510738910131 ], [ 108.26652306049058, 11.177554850785402 ], [ 108.27052634185554, 11.182154657249397 ], [ 108.27445879812349, 11.187009507686991 ], [ 108.27964525489607, 11.193260669583244 ], [ 108.2815623680839, 11.195541437284117 ], [ 108.28404486108182, 11.198362416191962 ], [ 108.28571908444498, 11.200160967804303 ], [ 108.28843227356029, 11.202681959797131 ], [ 108.28950423631083, 11.203410771189773 ], [ 108.29328265633042, 11.206249506573199 ], [ 108.29794966933956, 11.209168172282698 ], [ 108.29842816324606, 11.20944576645801 ], [ 108.30141676309927, 11.210012050554351 ], [ 108.3042541901597, 11.210016220595906 ], [ 108.30611819311868, 11.210234402279818 ], [ 108.30997755804452, 11.210657553695921 ], [ 108.31271515597665, 11.210998630700317 ], [ 108.31431651992011, 11.211243165287774 ], [ 108.3159050599333, 11.211300613870778 ], [ 108.31800233089672, 11.211520826640262 ], [ 108.31904977682993, 11.211760356024406 ], [ 108.31974525467052, 11.212226837279076 ], [ 108.32020483339905, 11.212978832446845 ], [ 108.32045901106993, 11.213872799538976 ], [ 108.32054573575373, 11.214722621569758 ], [ 108.32070257830995, 11.21591724362583 ], [ 108.32115645721466, 11.218869640788698 ], [ 108.32123746794505, 11.219594509817524 ], [ 108.32154342536037, 11.221174250927831 ], [ 108.32200022838353, 11.223810277092158 ], [ 108.32235750650716, 11.226172145220293 ], [ 108.32254025723596, 11.226907282286433 ], [ 108.32291266297365, 11.227629730422183 ], [ 108.32383824568926, 11.228443442760888 ], [ 108.32482533353523, 11.228912534122596 ], [ 108.32671759845191, 11.229245933816676 ], [ 108.32919751356249, 11.229095600727025 ], [ 108.33548806797531, 11.22836093103661 ], [ 108.3422477655046, 11.227342653518678 ], [ 108.34532657170656, 11.226983440648988 ], [ 108.34754671488842, 11.226627629464168 ], [ 108.35072876410912, 11.22622447863241 ], [ 108.35320972726292, 11.225958877543222 ], [ 108.35649526654474, 11.225398366749538 ], [ 108.3617781908692, 11.224841134688839 ], [ 108.36552944512751, 11.224370937065922 ], [ 108.36859408031378, 11.224052837190838 ], [ 108.36941399341291, 11.223836060491971 ], [ 108.37085754151202, 11.223655730021905 ], [ 108.37722213397527, 11.222791335358256 ], [ 108.38114910526923, 11.222236180799829 ], [ 108.38395184047226, 11.221858085828611 ], [ 108.38515013861306, 11.22155216926866 ], [ 108.38752437878458, 11.22123314914017 ], [ 108.38852208285365, 11.221107109506368 ], [ 108.39071121999145, 11.220867387309854 ], [ 108.39144015200503, 11.220873773577265 ], [ 108.39254684297191, 11.221027289983049 ], [ 108.39843719649546, 11.222646499142064 ], [ 108.40012550540861, 11.222977657761025 ], [ 108.40552208899838, 11.224391072739047 ], [ 108.40886603167354, 11.225455754964427 ], [ 108.4117609944641, 11.226185687025463 ], [ 108.4147001072717, 11.226872827102799 ], [ 108.41682305407471, 11.227524097880728 ], [ 108.42015418181975, 11.228401579101545 ], [ 108.42168585269054, 11.22883702366285 ], [ 108.42227817966588, 11.228937761880013 ], [ 108.42425741455237, 11.229357602605443 ], [ 108.4263076994185, 11.229836063356915 ], [ 108.43218532594264, 11.231454101510824 ], [ 108.43583657766155, 11.232420481848827 ], [ 108.44046204828587, 11.233697246543771 ], [ 108.44306590008199, 11.234395642497892 ], [ 108.44844886068843, 11.235765096470459 ], [ 108.47128751150036, 11.240289471840562 ], [ 108.47901319393108, 11.242268066671036 ], [ 108.48563012730868, 11.244323410094802 ], [ 108.49309165264866, 11.246529581827987 ], [ 108.49573870040837, 11.247328622797552 ], [ 108.49998116512559, 11.248335963351757 ], [ 108.50326641173233, 11.249582091554705 ], [ 108.50476796655259, 11.250151621104525 ], [ 108.50815518424866, 11.251165019345128 ], [ 108.51240462581384, 11.252579602901294 ], [ 108.51625855454348, 11.253531162313029 ], [ 108.51725449243969, 11.253867815677696 ], [ 108.51818609543287, 11.253941272019144 ], [ 108.52521180361606, 11.253868507594941 ], [ 108.53498330781503, 11.253916872176978 ], [ 108.53751380487569, 11.253905021104609 ], [ 108.54582164009605, 11.253809558150081 ], [ 108.54688671610414, 11.253851177540433 ], [ 108.54832079224212, 11.253567517066426 ], [ 108.55550726790779, 11.252214823702328 ], [ 108.55707368101142, 11.252030704276661 ], [ 108.55820728510685, 11.251843009692443 ], [ 108.56459386072038, 11.250582015034826 ], [ 108.56746060893505, 11.250178634086035 ], [ 108.57514584158589, 11.248895183904322 ], [ 108.57701269873229, 11.248614892588854 ], [ 108.57908095895617, 11.248139223347493 ], [ 108.58493259046146, 11.247136079493245 ], [ 108.59375243425721, 11.245532976727407 ], [ 108.59711880349387, 11.24510048896158 ], [ 108.60687079230776, 11.243504501537092 ], [ 108.61298895283075, 11.242470078780205 ], [ 108.61462408703417, 11.242023495379874 ], [ 108.61642459319164, 11.241709571040003 ], [ 108.61735733823417, 11.241651371381819 ], [ 108.6180564862477, 11.241656977637982 ], [ 108.61858727617201, 11.241891072832155 ], [ 108.63274603081938, 11.249030945010642 ], [ 108.63533171335401, 11.250430631956167 ], [ 108.64987138687465, 11.257934094273153 ], [ 108.65376844625087, 11.259836552698294 ], [ 108.65635967203127, 11.260579410646608 ], [ 108.65984832175545, 11.261526325923327 ], [ 108.66428567848594, 11.262513510547507 ], [ 108.66619176231524, 11.263084482244965 ], [ 108.66631199330446, 11.263120503288922 ], [ 108.6684707140888, 11.263827035078746 ], [ 108.67337325977941, 11.264949085873045 ], [ 108.6775607604929, 11.265966974405533 ], [ 108.6998346027009, 11.274776566552021 ], [ 108.70107781746762, 11.275475790006446 ], [ 108.70237437939483, 11.275748525480942 ], [ 108.70367380945706, 11.275660073956923 ], [ 108.70520685554848, 11.275507749518496 ], [ 108.70660931576001, 11.275026030032734 ], [ 108.71039394107957, 11.274398504419473 ], [ 108.71179119504568, 11.274573464930965 ], [ 108.71408414086973, 11.275182216769808 ], [ 108.71627668466738, 11.275855850571851 ], [ 108.71783552640352, 11.276655953141626 ], [ 108.71899736425452, 11.277124621566534 ], [ 108.72047064887857, 11.278219587104617 ], [ 