{"description": "<a>Quốc lộ 1A</a>",
	"color": [0, 0, 255],
	"paths":
[ [ 107.99999599635603, 10.922601239374295 ], [ 107.99664344614931, 10.922218719603695 ], [ 107.98306766085342, 10.916929976133476 ], [ 107.9686701910821, 10.909199671034537 ], [ 107.95756425549504, 10.903502974408626 ], [ 107.94728268590097, 10.893738335109459 ], [ 107.93535719380145, 10.882752578645549 ], [ 107.92466671805872, 10.872173511352939 ], [ 107.91479990261685, 10.86159440928944 ], [ 107.89753004314245, 10.85385866133397 ], [ 107.88067155170619, 10.848155474880352 ], [ 107.86915804664237, 10.845708227401108 ], [ 107.85970019171168, 10.84448192366861 ], [ 107.8595812320834, 10.844490891664289 ], [ 107.85435372458511, 10.844885016727284 ], [ 107.84448382860651, 10.844877936329775 ], [ 107.83065604615743, 10.844183324570636 ], [ 107.82803469146123, 10.844051645771259 ], [ 107.81158643415839, 10.842410602714668 ], [ 107.80327508931974, 10.842613595526355 ], [ 107.79554764102799, 10.84280232710401 ], [ 107.7811541964376, 10.84278781663985 ], [ 107.76717522617203, 10.839925679514618 ], [ 107.7264819018614, 10.825641288224409 ], [ 107.7249664579893, 10.82526437909933 ], [ 107.70510675767326, 10.820325028015191 ], [ 107.69564803953627, 10.821124959799063 ], [ 107.6837176658408, 10.824767781655412 ], [ 107.67219743051828, 10.828817302272563 ], [ 107.6454524279047, 10.838128492459635 ], [ 107.63162539988021, 10.842526617329362 ], [ 107.63146252184308, 10.842578419118507 ], [ 107.61829677656212, 10.845808736784671 ], [ 107.60472406468072, 10.846597086480683 ], [ 107.5940364439511, 10.844136309898476 ], [ 107.5837685599377, 10.837608547373073 ], [ 107.57720563342481, 10.829460952526498 ], [ 107.57194490288941, 10.823414219423043 ], [ 107.56742511585394, 10.821778087455948 ], [ 107.56159949432089, 10.820074408727221 ], [ 107.55254522813115, 10.823715762148339 ], [ 107.53896458810311, 10.828567012317414 ], [ 107.52373085980297, 10.836667494438581 ], [ 107.50808176745879, 10.845986188155866 ], [ 107.46895651003715, 10.867854776555307 ], [ 107.45660271766872, 10.873517615857384 ], [ 107.44177815453824, 10.879986747722489 ], [ 107.42983533901565, 10.885242476676204 ], [ 107.425708428275, 10.890112315718774 ], [ 107.42197546597126, 10.901084665621438 ], [ 107.42030245437108, 10.910842495352016 ], [ 107.41904989504333, 10.917347409052386 ], [ 107.41657924748816, 10.918154110807309 ], [ 107.41123116893522, 10.918139186383561 ], [ 107.40465127217077, 10.91730708803272 ], [ 107.3964342577865, 10.913622666904201 ], [ 107.3957915375657, 10.91341635049891 ], [ 107.38492655472588, 10.909928332233898 ], [ 107.36971071131265, 10.908256140698878 ], [ 107.36787889663285, 10.908140835245616 ], [ 107.35613803062742, 10.9074014308109 ], [ 107.35552288087823, 10.907314629818641 ], [ 107.3384570315326, 10.904905863167613 ], [ 107.31624746065941, 10.903614424916553 ], [ 107.29650212621024, 10.903549214081961 ], [ 107.27717390604009, 10.901856515584129 ], [ 107.25496947525539, 10.899338327419262 ], [ 107.24098801957568, 10.898067966016244 ], [ 107.23029903608018, 10.896402008450261 ], [ 107.22495987505549, 10.896788382208891 ], [ 107.22528825689355, 10.897367436009839 ], [ 107.22781105870716, 10.901680826487555 ], [ 107.23271387594298, 10.910647737282837 ], [ 107.23842630648973, 10.923278588911117 ], [ 107.24032555391281, 10.931166867025173 ], [ 107.24062753210251, 10.932947639898984 ], [ 107.24042239166882, 10.934475464770383 ], [ 107.23963514214786, 10.937062770835782 ], [ 107.23906471157815, 10.938331921774056 ], [ 107.23722839288176, 10.941172791302542 ], [ 107.23104313404679, 10.944811364174267 ], [ 107.22322725115814, 10.944375819621666 ], [ 107.21376563677389, 10.943933821825418 ], [ 107.20183384983071, 10.943888822538298 ], [ 107.17796864262384, 10.944203580935941 ], [ 107.1778232240476, 10.94419599689957 ], [ 107.16110287387981, 10.943323317389055 ], [ 107.14752367715508, 10.9436754347246 ], [ 107.13888343864082, 10.943640192497593 ], [ 107.13796954669002, 10.94356112556425 ], [ 107.13781177772611, 10.943547469300761 ], [ 107.13394786938262, 10.943213114326126 ], [ 107.12613746292739, 10.941553591571349 ], [ 107.11627526983384, 10.938664803640869 ], [ 107.10516488664096, 10.939024551735887 ], [ 107.09857842781706, 10.939809970411455 ], [ 107.08623183366682, 10.940570214034848 ], [ 107.068521730076, 10.944560349216552 ], [ 107.05575768815264, 10.946537335841578 ], [ 107.04545074337192, 10.950965514641124 ], [ 107.03678537491211, 10.956214351493735 ], [ 107.02896562193887, 10.956585156169334 ], [ 107.01950776613336, 10.955320817393543 ], [ 107.00799862191474, 10.952825985867282 ], [ 106.99360161005109, 10.95194390749613 ], [ 106.98373675556189, 10.94986242027753 ], [ 106.97667582795336, 10.950525899700013 ], [ 106.97550367491655, 10.950636023049615 ], [ 106.96601360474442, 10.955877924024298 ], [ 106.95612607846076, 10.958269843613616 ], [ 106.94573379561029, 10.961636984244569 ], [ 106.94499761857297, 10.961875487775956 ], [ 106.93560867642218, 10.96497601426578 ], [ 106.92333065736346, 10.96504739355475 ], [ 106.91283723336869, 10.967046136916025 ], [ 106.90612715271625, 10.968331043375583 ], [ 106.89649033572209, 10.967617201509926 ], [ 106.89006578918605, 10.97211438042922 ], [ 106.88078589089282, 10.972614063806944 ], [ 106.86872202389434, 10.971186382741628 ], [ 106.86393930820061, 10.968473795428549 ], [ 106.85829998564085, 10.968116874191526 ], [ 106.85109021940475, 10.966118124281179 ], [ 106.84259554420082, 10.964119373895327 ], [ 106.83367256638384, 10.961121249729356 ], [ 106.81868196732185, 10.946344791351997 ], [ 106.82118040217989, 10.944346045033969 ], [ 106.8245354435813, 10.940848238600811 ] ]
}